﻿{"cameraMode":{"drawMode":0,"name":"Shaded","section":"Shading Mode"},"sceneLighting":true,"audioPlay":false,"sceneViewState":{"showFog":true,"showMaterialUpdate":false,"showSkybox":true,"showFlares":true,"showImageEffects":true,"showParticleSystems":true},"in2DMode":false,"pivot":{"x":49.74277877807617,"y":-2197.77880859375,"z":305.4377136230469},"rotation":{"x":0.666283130645752,"y":-0.011195162311196328,"z":0.01000349409878254,"w":0.7455477118492127},"size":2323.568115234375,"orthographic":false}